L2Z93_000001	+	1	1473
L2Z93_000008	+	10705	10778
L2Z93_000009	+	10823	10966
L2Z93_000010	+	10957	11029
L2Z93_000011	-	11081	11347
L2Z93_000012	+	11570	12049
L2Z93_000019	-	15707	15988
L2Z93_000029	+	27559	27644
L2Z93_000037	+	35758	37752
L2Z93_000041	-	40121	40420
L2Z93_000046	+	43063	44373
L2Z93_000048	+	44716	45015
L2Z93_000049	-	45022	45165
L2Z93_000055	+	53416	53991
L2Z93_000063	-	59532	59687
L2Z93_000065	+	61013	61792
L2Z93_000069	-	64394	65131
L2Z93_000084	+	79147	80346
L2Z93_000085	+	80355	82283
L2Z93_000087	+	82858	83766
L2Z93_000088	+	83825	85765
L2Z93_000094	+	97349	97576
L2Z93_000099	-	108848	110701
L2Z93_000102	-	112919	113344
L2Z93_000103	-	113341	113592
L2Z93_000105	+	114096	114776
L2Z93_000108	+	116739	117173
L2Z93_000109	-	117307	118503
L2Z93_000112	-	120326	121123
L2Z93_000115	-	123100	124068
L2Z93_000117	+	124718	124807
L2Z93_000129	+	137232	137978
L2Z93_000132	+	140346	140437
L2Z93_000133	+	140454	140526
L2Z93_000135	-	141136	141414
L2Z93_000137	+	141714	141833
L2Z93_000144	-	148907	150280
L2Z93_000149	-	153918	154313
L2Z93_000151	+	155140	156702
L2Z93_000155	+	162022	162630
L2Z93_000158	-	166048	166332
L2Z93_000161	+	167584	168183
L2Z93_000162	-	168146	169090
L2Z93_000164	+	169693	170148
L2Z93_000165	+	170182	170272
L2Z93_000168	+	172119	172343
L2Z93_000169	+	172433	172723
L2Z93_000171	+	173046	173381
L2Z93_000176	+	178443	178622
L2Z93_000184	+	184321	185835
L2Z93_000186	+	186913	187962
L2Z93_000196	-	197407	198168
L2Z93_000203	+	204068	205678
L2Z93_000205	-	207096	207181
L2Z93_000206	+	207257	207520
L2Z93_000209	+	208760	209137
L2Z93_000210	+	209190	209284
L2Z93_000211	+	209333	210625
L2Z93_000217	-	216887	217624
L2Z93_000219	+	218100	218711
L2Z93_000235	+	234212	236920
L2Z93_000236	+	236992	237270
L2Z93_000246	-	246815	247480
L2Z93_000249	+	249853	250845
L2Z93_000252	-	253230	253478
L2Z93_000257	-	257397	258770
L2Z93_000259	-	260383	261243
L2Z93_000261	-	262839	263618
L2Z93_000262	+	263696	264469
L2Z93_000266	-	267541	267614
L2Z93_000267	+	267770	267928
L2Z93_000269	-	268988	269455
L2Z93_000274	-	275174	276190
L2Z93_000275	+	276230	276391
L2Z93_000276	+	276388	276852
L2Z93_000277	+	276849	277619
L2Z93_000279	-	278466	278756
L2Z93_000281	+	279604	280221
L2Z93_000284	-	282396	283349
L2Z93_000294	+	293116	293298
L2Z93_000299	+	298134	298337
L2Z93_000300	+	298483	299061
L2Z93_000301	+	299247	302081
L2Z93_000306	+	306842	306917
L2Z93_000307	+	306961	307191
L2Z93_000309	-	307586	307816
L2Z93_000311	+	309211	312168
L2Z93_000320	-	322203	323195
L2Z93_000328	-	334424	335347
L2Z93_000329	-	335369	335647
L2Z93_000335	-	340277	341014
L2Z93_000346	+	349933	350733
L2Z93_000347	+	350772	352274
L2Z93_000350	+	355632	355850
L2Z93_000352	+	356666	357220
L2Z93_000353	-	357430	358749
L2Z93_000365	+	369281	372097
L2Z93_000367	+	373109	374014
L2Z93_000373	+	378783	379253
L2Z93_000383	+	388102	388893
L2Z93_000386	+	391007	392566
L2Z93_000388	-	393389	394519
L2Z93_000398	-	402630	402791
L2Z93_000401	-	405001	406443
L2Z93_000403	+	407338	407964
L2Z93_000404	-	407943	408017
L2Z93_000410	+	412174	413430
L2Z93_000412	+	415586	417109
L2Z93_000423	+	429371	429670
L2Z93_000425	+	431741	433372
L2Z93_000427	+	434317	434559
L2Z93_000432	-	438386	438949
L2Z93_000437	+	443108	443515
L2Z93_000440	-	446258	446422
L2Z93_000442	+	447658	448509
L2Z93_000443	+	448617	450014
L2Z93_000455	+	458661	459437
L2Z93_000459	-	462186	462869
L2Z93_000462	-	466380	467387
L2Z93_000467	+	472096	472171
L2Z93_000469	+	472800	472872
L2Z93_000470	+	472912	472988
L2Z93_000471	+	473033	473109
L2Z93_000472	+	473291	473524
L2Z93_000474	-	474087	474284
L2Z93_000477	-	475156	475497
L2Z93_000478	-	475494	476060
L2Z93_000479	-	476254	476892
L2Z93_000488	-	484461	484712
L2Z93_000489	-	485001	485228
L2Z93_000490	+	485364	485606
L2Z93_000498	+	491829	492095
L2Z93_000500	+	493840	494124
L2Z93_000503	+	496820	497086
L2Z93_000508	+	501682	501840
L2Z93_000509	+	501940	502095
L2Z93_000511	-	503113	503397
L2Z93_000514	-	505276	505539
L2Z93_000517	-	506399	506677
L2Z93_000520	+	508499	508598
L2Z93_000526	-	512630	512851
L2Z93_000529	+	514463	514657
L2Z93_000532	-	515906	516313
L2Z93_000533	+	516817	517824
L2Z93_000534	-	517825	518061
L2Z93_000535	-	518058	518237
L2Z93_000542	-	522471	522722
L2Z93_000543	-	523073	523342
L2Z93_000552	+	532864	533703
L2Z93_000554	+	536264	536650
L2Z93_000569	-	550436	551101
L2Z93_000577	+	557476	558303
L2Z93_000582	-	562296	563258
L2Z93_000583	-	563255	564475
L2Z93_000586	-	566496	566753
L2Z93_000587	-	566851	567207
L2Z93_000594	+	574209	574376
L2Z93_000596	+	576094	577080
L2Z93_000600	-	579042	579350
L2Z93_000601	-	579484	581133
L2Z93_000602	-	581143	583395
L2Z93_000603	+	583451	583651
L2Z93_000608	-	587007	588587
L2Z93_000610	-	590214	590492
L2Z93_000612	+	591371	591631
L2Z93_000615	-	593257	594369
L2Z93_000617	+	595668	597326
L2Z93_000624	+	603366	603512
L2Z93_000627	-	606161	606346
L2Z93_000628	-	606343	607281
L2Z93_000638	+	618274	618489
L2Z93_000648	+	625635	626792
L2Z93_000649	-	626789	627067
L2Z93_000650	-	627424	627496
L2Z93_000652	-	629462	629590
L2Z93_000653	-	629697	629975
L2Z93_000655	-	631067	632956
L2Z93_000658	+	634728	635477
L2Z93_000661	-	637095	638747
L2Z93_000663	-	640304	640558
L2Z93_000664	+	640852	643230
L2Z93_000676	+	656088	657503
L2Z93_000684	-	665265	666053
L2Z93_000690	+	673921	674094
L2Z93_000693	+	676486	677865
L2Z93_000697	-	680583	682901
L2Z93_000699	-	684086	684820
L2Z93_000710	+	692556	692628
L2Z93_000716	-	697011	697667
L2Z93_000719	+	699261	700466
L2Z93_000721	+	702038	702874
L2Z93_000723	-	704235	705140
L2Z93_000728	+	710428	711555
L2Z93_000732	+	715193	715438
L2Z93_000733	+	715583	715825
L2Z93_000734	+	715941	716159
L2Z93_000736	+	716772	717005
L2Z93_000737	+	717199	717447
L2Z93_000740	-	718895	719755
L2Z93_000741	-	719755	720093
L2Z93_000743	-	721273	722715
L2Z93_000744	-	722755	722826
L2Z93_000745	+	722913	723506
L2Z93_000747	+	727200	728120
L2Z93_000753	+	733752	735032
L2Z93_000756	+	736347	737303
L2Z93_000761	-	740428	740517
L2Z93_000762	+	740805	740878
L2Z93_000774	-	749570	750232
L2Z93_000784	-	760439	761656
L2Z93_000792	-	769165	769596
L2Z93_000800	+	776102	777460
L2Z93_000805	+	781823	782653
L2Z93_000806	+	782901	784250
L2Z93_000809	-	786426	786593
L2Z93_000810	-	786724	788124
L2Z93_000815	-	792286	792507
L2Z93_000818	+	794404	795405
L2Z93_000821	+	798051	798335
L2Z93_000822	+	798332	798595
L2Z93_000838	+	811132	812106
L2Z93_000839	+	812824	815121
L2Z93_000840	+	815118	815810
L2Z93_000847	-	819503	819676
L2Z93_000849	-	821105	821683
L2Z93_000854	-	825870	826163
L2Z93_000855	+	826189	826575
L2Z93_000857	-	828542	828808
L2Z93_000858	-	828855	829022
L2Z93_000868	+	838476	838859
L2Z93_000873	+	844009	844350
L2Z93_000880	+	849704	850789
L2Z93_000885	+	856504	856848
L2Z93_000886	-	856860	857813
L2Z93_000893	+	863625	864179
L2Z93_000894	+	864555	864722
L2Z93_000902	-	872008	872637
L2Z93_000918	+	888286	888873
L2Z93_000923	-	893202	894200
L2Z93_000924	-	894367	895197
L2Z93_000925	-	895298	899038
L2Z93_000927	+	900102	902048
L2Z93_000934	-	909492	910721
L2Z93_000938	+	913197	914594
L2Z93_000948	-	926741	928588
L2Z93_000955	+	935973	937406
L2Z93_000956	-	937407	938282
L2Z93_000957	-	938295	938939
L2Z93_000968	+	951578	955555
L2Z93_000979	-	965950	967176
L2Z93_000986	-	973345	973584
L2Z93_000987	-	973753	973828
L2Z93_000988	+	974189	975718
L2Z93_000998	+	986882	987112
L2Z93_000999	+	987209	988282
L2Z93_001001	+	989191	989844
L2Z93_001003	+	991344	991793
L2Z93_001005	+	992686	992949
L2Z93_001006	+	992956	993456
L2Z93_001007	+	993457	994794
L2Z93_001008	+	994847	996493
L2Z93_001012	+	999350	999787
L2Z93_001017	+	1007421	1007533
L2Z93_001022	+	1011860	1012531
L2Z93_001023	+	1012544	1012843
L2Z93_001027	+	1015344	1016225
L2Z93_001032	-	1024369	1025667
L2Z93_001033	+	1026071	1026367
L2Z93_001035	+	1026979	1028016
L2Z93_001042	+	1033040	1034464
L2Z93_001048	+	1039161	1039244
L2Z93_001050	-	1039739	1041229
L2Z93_001052	-	1042219	1044747
L2Z93_001060	+	1054524	1055234
L2Z93_001070	-	1075384	1075617
L2Z93_001071	-	1075690	1076163
L2Z93_001072	+	1076217	1076474
L2Z93_001074	+	1077617	1078651
L2Z93_001085	+	1089637	1090839
L2Z93_001086	+	1090872	1091141
L2Z93_001090	+	1092942	1094432
L2Z93_001091	+	1094696	1094767
L2Z93_001092	+	1094880	1094952
L2Z93_001095	+	1097127	1098548
L2Z93_001097	+	1099373	1100170
L2Z93_001101	+	1104149	1105159
L2Z93_001108	-	1111803	1111997
L2Z93_001111	+	1116294	1117898
L2Z93_001114	+	1119459	1120127
L2Z93_001117	+	1122193	1122798
L2Z93_001118	+	1122833	1123057
L2Z93_001121	+	1124291	1125028
L2Z93_001122	+	1125109	1125642
L2Z93_001123	+	1125635	1126339
L2Z93_001126	+	1127707	1127991
L2Z93_001133	+	1139974	1140312
L2Z93_001141	+	1150369	1150611
L2Z93_001144	-	1151837	1152748
L2Z93_001149	-	1155382	1155654
L2Z93_001152	+	1157752	1158939
L2Z93_001154	-	1159515	1160294
L2Z93_001158	-	1162681	1163343
L2Z93_001159	-	1163340	1164023
L2Z93_001162	+	1165909	1166787
L2Z93_001164	+	1167537	1168361
L2Z93_001165	+	1168440	1169255
L2Z93_001172	-	1175461	1175715
L2Z93_001175	+	1178285	1179457
L2Z93_001176	+	1179507	1180361
L2Z93_001181	-	1184649	1185560
L2Z93_001183	+	1186535	1187986
L2Z93_001184	+	1188024	1188704
L2Z93_001186	+	1190556	1190999
L2Z93_001189	+	1193563	1194939
L2Z93_001193	+	1199209	1200969
L2Z93_001195	-	1201842	1202588
L2Z93_001197	-	1203587	1204996
L2Z93_001201	+	1208668	1212054
L2Z93_001203	+	1213521	1215152
L2Z93_001206	+	1217368	1217814
L2Z93_001210	+	1219875	1220144
L2Z93_001225	-	1239961	1240287
L2Z93_001226	-	1240381	1240608
L2Z93_001229	+	1243556	1243750
L2Z93_001235	-	1248631	1249359
L2Z93_001247	+	1279114	1279326
L2Z93_001249	+	1279822	1280874
L2Z93_001265	-	1293100	1293435
L2Z93_001269	-	1298964	1299554
L2Z93_001271	+	1301625	1301921
L2Z93_001273	+	1303921	1304118
L2Z93_001275	-	1304481	1304553
L2Z93_001276	+	1304720	1304953
L2Z93_001278	+	1305518	1307605
L2Z93_001279	+	1307602	1308408
L2Z93_001280	-	1308405	1309724
L2Z93_001282	-	1310523	1311392
L2Z93_001284	+	1312942	1314315
L2Z93_001287	-	1315293	1315366
L2Z93_001290	-	1316514	1316783
L2Z93_001291	-	1316913	1317116
L2Z93_001293	+	1318155	1319489
L2Z93_001294	-	1319529	1322408
L2Z93_001300	-	1330941	1332161
L2Z93_001303	-	1334399	1335655
L2Z93_001305	-	1337341	1337511
L2Z93_001313	+	1347398	1348366
L2Z93_001324	-	1361727	1362026
L2Z93_001325	-	1362103	1362966
L2Z93_001331	+	1368898	1368972
L2Z93_001334	+	1370774	1372042
L2Z93_001336	-	1373863	1374855
L2Z93_001341	+	1380272	1381270
L2Z93_001343	+	1383363	1383794
L2Z93_001344	-	1383798	1384055
L2Z93_001348	-	1387630	1389222
L2Z93_001364	-	1402513	1403727
L2Z93_001369	+	1409837	1411177
L2Z93_001371	+	1414453	1414626
L2Z93_001396	+	1436569	1437615
L2Z93_001397	+	1437678	1438049
L2Z93_001403	+	1444050	1444979
L2Z93_001412	-	1454208	1454822
L2Z93_001415	+	1457970	1458206
L2Z93_001416	+	1458432	1459535
L2Z93_001419	-	1461550	1463355
L2Z93_001422	+	1464344	1465582
L2Z93_001426	+	1468088	1468975
L2Z93_001431	-	1473864	1475795
L2Z93_001432	+	1475906	1476541
L2Z93_001433	+	1476783	1477070
L2Z93_001437	-	1480513	1481670
L2Z93_001440	-	1483723	1484763
L2Z93_001448	+	1490712	1492616
L2Z93_001450	+	1494175	1495713
L2Z93_001459	+	1505642	1506472
L2Z93_001461	+	1507206	1507499
L2Z93_001465	-	1509575	1509961
L2Z93_001469	-	1514124	1514333
L2Z93_001506	+	1552044	1553165
L2Z93_001515	-	1561400	1561485
L2Z93_001519	-	1566129	1567157
L2Z93_001523	+	1570112	1571524
L2Z93_001526	-	1573615	1573845
L2Z93_001531	+	1577085	1577900
L2Z93_001532	-	1577933	1578373
L2Z93_001534	+	1579228	1580466
L2Z93_001536	-	1581730	1581966
L2Z93_001538	-	1584260	1585123
L2Z93_001540	+	1589044	1589727
L2Z93_001546	-	1595125	1595448
L2Z93_001548	+	1596079	1596360
L2Z93_001550	+	1597293	1597508
L2Z93_001557	-	1602239	1602532
L2Z93_001565	+	1609909	1610100
L2Z93_001566	+	1610097	1610933
L2Z93_001570	+	1614303	1615052
L2Z93_001572	-	1615821	1616825
L2Z93_001573	+	1617050	1618582
L2Z93_001577	+	1622047	1623711
L2Z93_001578	-	1623713	1625386
L2Z93_001579	-	1625383	1625670
L2Z93_001582	-	1627863	1629197
L2Z93_001590	+	1640644	1641399
L2Z93_001595	+	1643691	1644674
L2Z93_001597	+	1645658	1645915
L2Z93_001602	+	1651518	1652636
L2Z93_001605	+	1654127	1655302
L2Z93_001617	-	1666715	1667005
L2Z93_001619	-	1668498	1669136
L2Z93_001620	+	1669184	1670398
L2Z93_001622	+	1670861	1672048
L2Z93_001624	+	1672532	1672819
L2Z93_001627	+	1674691	1676205
L2Z93_001628	+	1676202	1677863
L2Z93_001630	+	1679440	1681167
L2Z93_001635	+	1689611	1689760
L2Z93_001637	+	1690999	1694625
L2Z93_001644	+	1700157	1700498
L2Z93_001648	+	1703451	1704032
L2Z93_001649	+	1704029	1704847
L2Z93_001650	-	1704844	1705578
L2Z93_001653	-	1707750	1708859
L2Z93_001655	-	1711399	1711896
L2Z93_001657	-	1714585	1714950
L2Z93_001663	+	1720705	1720998
L2Z93_001668	+	1725326	1726795
L2Z93_001670	+	1727877	1728482
L2Z93_001674	+	1733661	1734572
L2Z93_001675	+	1734619	1734951
L2Z93_001679	+	1736813	1737514
L2Z93_001680	+	1737585	1738079
L2Z93_001701	-	1762648	1763325
L2Z93_001705	-	1766095	1766820
L2Z93_001708	+	1770833	1771882
L2Z93_001711	-	1774923	1775129
L2Z93_001721	+	1781113	1782387
L2Z93_001723	-	1783372	1784175
L2Z93_001725	+	1784807	1787725
L2Z93_001728	-	1789154	1789660
L2Z93_001741	+	1802458	1802697
L2Z93_001748	-	1806884	1808092
L2Z93_001755	-	1814910	1815191
L2Z93_001756	-	1815268	1815492
L2Z93_001758	-	1816142	1816585
L2Z93_001762	-	1819163	1820848
L2Z93_001764	+	1821647	1821904
L2Z93_001766	+	1822324	1822554
L2Z93_001768	-	1822941	1823237
L2Z93_001774	+	1826681	1827250
L2Z93_001776	-	1827960	1828232
L2Z93_001781	+	1831296	1832300
L2Z93_001784	+	1834622	1836058
L2Z93_001786	+	1836367	1838082
L2Z93_001789	+	1840962	1841153
L2Z93_001809	+	1866986	1867912
L2Z93_001813	+	1871105	1871350
L2Z93_001825	-	1885096	1885344
L2Z93_001838	-	1895766	1896053
L2Z93_001841	+	1897721	1898005
L2Z93_001842	+	1898086	1898757
L2Z93_001847	-	1905574	1906320
L2Z93_001854	-	1913220	1914101
L2Z93_001858	-	1917393	1917548
L2Z93_001860	-	1918208	1918447
L2Z93_001865	-	1922039	1922923
L2Z93_001868	-	1924311	1924919
L2Z93_001882	-	1940033	1940596
L2Z93_001891	+	1949873	1950556
L2Z93_001892	+	1950650	1950877
L2Z93_001895	+	1952450	1952725
L2Z93_001903	+	1961971	1962240
L2Z93_001908	+	1966274	1967866
L2Z93_001914	-	1973915	1973988
L2Z93_001927	-	1985804	1986745
L2Z93_001928	-	1986755	1987939
L2Z93_001930	-	1989791	1990714
L2Z93_001931	-	1990732	1991556
L2Z93_001932	-	1991562	1991732
L2Z93_001936	-	1994376	1994488
L2Z93_001939	-	2000201	2001478
L2Z93_001944	-	2003710	2003910
L2Z93_001945	-	2003911	2004381
L2Z93_001953	-	2013635	2014141
L2Z93_001954	-	2014138	2015064
L2Z93_001960	-	2022001	2023059
L2Z93_001962	-	2025761	2026600
L2Z93_001965	-	2028031	2028225
L2Z93_001967	+	2029165	2029503
L2Z93_001981	+	2046652	2046921
L2Z93_001984	+	2049138	2050511
L2Z93_001993	-	2059319	2059392
L2Z93_001996	+	2063283	2063753
L2Z93_001997	-	2063971	2064270
L2Z93_002001	-	2066106	2066360
L2Z93_002003	-	2067324	2068547
L2Z93_002008	-	2073601	2074404
L2Z93_002018	+	2086222	2086298
L2Z93_002022	-	2088921	2090084
L2Z93_002028	+	2095357	2096847
L2Z93_002030	+	2097980	2099563
L2Z93_002031	+	2099550	2101265
L2Z93_002039	-	2109149	2109967
L2Z93_002040	-	2110045	2110692
L2Z93_002041	-	2110685	2112211
L2Z93_002043	-	2112740	2113933
L2Z93_002045	-	2115316	2115816
L2Z93_002047	+	2116947	2117459
L2Z93_002049	-	2117800	2118606
L2Z93_002055	-	2122487	2123827
L2Z93_002056	-	2123872	2124729
L2Z93_002057	-	2124726	2126264
L2Z93_002063	-	2131681	2132454
L2Z93_002067	-	2137027	2137266
L2Z93_002072	-	2140800	2142101
L2Z93_002075	+	2145988	2148189
L2Z93_002086	+	2160130	2161233
L2Z93_002090	+	2163049	2163207
L2Z93_002097	-	2170896	2172209
L2Z93_002100	+	2173897	2174106
L2Z93_002110	-	2184289	2186568
L2Z93_002112	+	2188628	2189317
L2Z93_002117	+	2192547	2192762
L2Z93_002121	-	2195173	2195982
L2Z93_002122	-	2195999	2196748
L2Z93_002123	-	2196762	2197769
L2Z93_002132	-	2207504	2209135
L2Z93_002133	-	2209394	2209762
L2Z93_002135	-	2211731	2212030
L2Z93_002138	-	2213200	2214462
L2Z93_002139	-	2214462	2215229
L2Z93_002153	+	2230216	2231337
L2Z93_002159	-	2238229	2238462
L2Z93_002164	-	2242912	2244879
L2Z93_002165	-	2245152	2246129
L2Z93_002166	-	2246126	2247142
L2Z93_002170	-	2250666	2251148
L2Z93_002172	-	2252453	2253064
L2Z93_002186	-	2274043	2274762
L2Z93_002187	+	2274761	2275681
L2Z93_002202	-	2291790	2292332
L2Z93_002204	-	2293695	2293922
L2Z93_002207	-	2295013	2296101
L2Z93_002208	+	2296269	2296715
L2Z93_002212	-	2299221	2299463
L2Z93_002213	-	2299463	2299747
L2Z93_002217	+	2302638	2302805
L2Z93_002220	-	2304742	2305164
L2Z93_002221	-	2305317	2306159
L2Z93_002223	-	2307377	2307883
L2Z93_002225	-	2310683	2311993
L2Z93_002228	-	2314148	2315035
L2Z93_002233	-	2323819	2324436
L2Z93_002235	+	2325059	2326279
L2Z93_002247	-	2342355	2343293
L2Z93_002250	+	2344206	2344661
L2Z93_002254	-	2346714	2347268
L2Z93_002255	+	2347419	2347649
L2Z93_002257	-	2348100	2348855
L2Z93_002258	-	2349090	2349668
L2Z93_002261	+	2351607	2351810
L2Z93_002264	-	2352877	2353890
L2Z93_002269	-	2357174	2359228
L2Z93_002272	-	2361267	2361341
L2Z93_002273	+	2361525	2361597
L2Z93_002274	+	2361626	2361696
L2Z93_002275	+	2361713	2361787
L2Z93_002280	-	2365445	2366470
L2Z93_002287	-	2372364	2372642
L2Z93_002291	-	2375555	2376616
L2Z93_002294	-	2378584	2378883
L2Z93_002299	-	2384743	2385912
L2Z93_002305	+	2391041	2391745
L2Z93_002310	+	2393976	2394620
L2Z93_002312	+	2395606	2396373
L2Z93_002315	+	2399214	2399405
L2Z93_002317	-	2400453	2400692
L2Z93_002328	-	2409207	2411522
L2Z93_002332	-	2413967	2414200
L2Z93_002336	+	2416585	2416983
L2Z93_002337	+	2416983	2417741
L2Z93_002338	+	2417738	2418553
L2Z93_002339	+	2418550	2419263
L2Z93_002341	-	2420021	2420665
L2Z93_002347	-	2430235	2431743
L2Z93_002350	-	2433594	2434301
L2Z93_002352	+	2435397	2436776
L2Z93_002353	-	2436850	2437380
L2Z93_002356	+	2439597	2440325
L2Z93_002360	+	2442770	2444071
L2Z93_002365	-	2448764	2448958
L2Z93_002378	-	2460306	2461154
L2Z93_002382	-	2463681	2464493
L2Z93_002394	-	2475048	2475950
L2Z93_002401	-	2481282	2482151
L2Z93_002405	-	2486904	2487173
L2Z93_002409	-	2489531	2490370
L2Z93_002412	+	2492088	2493761
L2Z93_002414	-	2494304	2494576
L2Z93_002415	+	2494623	2495393
L2Z93_002418	-	2496240	2497316
L2Z93_002420	-	2497678	2498079
L2Z93_002427	-	2505525	2505782
L2Z93_002428	-	2505779	2506054
L2Z93_002429	-	2506141	2507139
L2Z93_002442	-	2521164	2521724
L2Z93_002443	+	2521813	2522433
L2Z93_002448	+	2526834	2527094
L2Z93_002449	-	2527195	2528166
L2Z93_002451	-	2529194	2529463
L2Z93_002465	+	2543099	2543344
L2Z93_002466	-	2543382	2545415
L2Z93_002467	-	2545435	2545662
L2Z93_002471	-	2549423	2549680
L2Z93_002476	-	2554473	2555882
L2Z93_002477	-	2555891	2558569
L2Z93_002485	+	2567172	2568392
L2Z93_002487	+	2569432	2570304
L2Z93_002490	-	2572095	2572913
L2Z93_002491	-	2572924	2573982
L2Z93_002494	+	2576081	2577061
L2Z93_002495	+	2577054	2577950
L2Z93_002497	+	2578842	2580791
L2Z93_002500	+	2583196	2583453
L2Z93_002501	+	2583450	2583656
L2Z93_002502	-	2583973	2584113
L2Z93_002504	-	2585392	2585619
L2Z93_002505	-	2585616	2585900
L2Z93_002506	-	2585897	2586184
L2Z93_002508	-	2588112	2588381
L2Z93_002516	-	2595703	2595779
L2Z93_002517	+	2595899	2595972
L2Z93_002519	-	2596565	2597722
L2Z93_002530	+	2606687	2606875
L2Z93_002533	-	2610446	2612026
L2Z93_002535	+	2613395	2614219
L2Z93_002539	+	2617307	2617459
L2Z93_002542	+	2618705	2621296
L2Z93_002544	-	2621808	2622026
L2Z93_002545	-	2622103	2622738
L2Z93_002550	-	2629616	2631289
L2Z93_002552	-	2632040	2634382
L2Z93_002555	+	2637765	2637838
L2Z93_002556	-	2637842	2638102
L2Z93_002558	-	2638937	2639362
L2Z93_002560	+	2640441	2641448
L2Z93_002561	-	2641410	2641640
L2Z93_002565	-	2643537	2644253
L2Z93_002567	-	2644795	2644950
L2Z93_002568	-	2645004	2645213
L2Z93_002570	-	2645877	2646563
L2Z93_002572	+	2647568	2648344
L2Z93_002574	-	2649522	2650550
L2Z93_002583	-	2659369	2660682
L2Z93_002589	+	2665651	2665723
L2Z93_002592	-	2667946	2668779
L2Z93_002593	+	2668913	2669890
L2Z93_002594	+	2669927	2670181
L2Z93_002599	-	2674255	2675100
L2Z93_002600	-	2675134	2676039
L2Z93_002604	-	2678995	2680191
L2Z93_002605	+	2680362	2680437
L2Z93_002610	-	2686166	2686465
L2Z93_002614	-	2689313	2690482
L2Z93_002615	-	2690673	2690933
L2Z93_002616	-	2690964	2691200
L2Z93_002617	-	2691241	2693325
L2Z93_002620	-	2695790	2696800
L2Z93_002622	-	2697875	2699068
L2Z93_002623	-	2699115	2699996
L2Z93_002624	-	2699993	2700805
L2Z93_002626	-	2701938	2702726
L2Z93_002629	+	2705354	2706583
L2Z93_002647	+	2723493	2723768
L2Z93_002654	+	2729750	2729917
L2Z93_002659	-	2734433	2735161
L2Z93_002668	-	2741558	2741812
L2Z93_002672	+	2744821	2746641
L2Z93_002678	+	2753258	2754445
L2Z93_002682	-	2757629	2757901
L2Z93_002683	-	2757917	2758810
L2Z93_002686	+	2761963	2762166
L2Z93_002690	+	2766137	2767015
L2Z93_002691	+	2767012	2769162
L2Z93_002694	-	2770086	2770307
L2Z93_002695	-	2770422	2770494
L2Z93_002697	-	2771826	2773457
L2Z93_002698	+	2773528	2773932
L2Z93_002701	+	2775403	2775669
L2Z93_002703	+	2777231	2778388
L2Z93_002704	-	2778385	2779002
L2Z93_002705	-	2779057	2779386
L2Z93_002706	+	2779490	2779672
L2Z93_002713	+	2784974	2785852
L2Z93_002718	-	2790642	2790914
L2Z93_002719	-	2790968	2791216
L2Z93_002720	+	2791232	2791546
L2Z93_002722	+	2793270	2795189
L2Z93_002723	+	2795214	2795504
L2Z93_002727	+	2798408	2798683
L2Z93_002729	+	2800352	2802727
L2Z93_002736	-	2808541	2809032
L2Z93_002744	+	2817298	2818662
L2Z93_002749	+	2822761	2823960
L2Z93_002750	+	2823957	2824868
L2Z93_002755	+	2828515	2828877
L2Z93_002756	+	2828868	2829422
L2Z93_002765	+	2838219	2838518
L2Z93_002770	+	2844184	2845722
L2Z93_002777	-	2853328	2853678
L2Z93_002784	-	2859702	2860889
L2Z93_002790	+	2867037	2867231
L2Z93_002795	-	2870511	2871380
L2Z93_002798	-	2872844	2873113
L2Z93_002799	-	2873567	2874373
L2Z93_002805	+	2879711	2882578
L2Z93_002809	+	2884985	2885131
L2Z93_002818	-	2895121	2895288
L2Z93_002832	-	2917469	2917810
L2Z93_002833	+	2917863	2919494
L2Z93_002834	-	2919553	2919651
L2Z93_002841	-	2926074	2926439
L2Z93_002842	+	2926557	2927321
L2Z93_002843	-	2927379	2927678
L2Z93_002844	-	2927687	2928568
L2Z93_002855	+	2940392	2940727
L2Z93_002856	+	2940734	2941501
L2Z93_002858	-	2942176	2943786
L2Z93_002862	+	2946944	2948110
L2Z93_002866	-	2950125	2951066
L2Z93_002867	+	2951176	2952168
L2Z93_002869	+	2952948	2953295
L2Z93_002873	-	2955433	2956395
L2Z93_002874	-	2956392	2957396
L2Z93_002880	-	2962592	2963401
L2Z93_002884	-	2965724	2968951
L2Z93_002886	+	2970648	2970881
L2Z93_002888	+	2971361	2972011
L2Z93_002889	+	2972076	2973101
L2Z93_002892	+	2975653	2977107
L2Z93_002894	+	2977741	2981037
L2Z93_002897	+	2982732	2982971
L2Z93_002899	+	2983589	2983753
L2Z93_002910	-	3005603	3005845
L2Z93_002914	+	3008520	3008702
L2Z93_002917	+	3010913	3011668
L2Z93_002924	+	3018414	3018632
L2Z93_002927	-	3019127	3019203
L2Z93_002928	-	3019254	3020621
L2Z93_002933	-	3029795	3031120
L2Z93_002935	+	3032458	3032937
L2Z93_002936	+	3032972	3033877
L2Z93_002937	-	3033941	3034207
L2Z93_002938	-	3034340	3034549
L2Z93_002939	-	3034705	3036828
L2Z93_002940	+	3036994	3037236
L2Z93_002944	+	3041174	3041542
L2Z93_002948	+	3049139	3049435
L2Z93_002951	-	3050774	3051937
L2Z93_002952	-	3051946	3052989
L2Z93_002954	-	3053818	3054045
L2Z93_002958	+	3057732	3058958
L2Z93_002961	+	3060483	3061583
L2Z93_002963	-	3062067	3062486
L2Z93_002966	+	3064381	3064635
L2Z93_002968	-	3066344	3066559
L2Z93_002969	-	3066910	3067206
L2Z93_002970	-	3067215	3067877
L2Z93_002971	+	3068038	3068529
L2Z93_002974	-	3071560	3073053
L2Z93_002977	+	3075243	3076244
L2Z93_002982	-	3080302	3081165
L2Z93_002991	-	3092542	3093186
L2Z93_002992	-	3093352	3094806
L2Z93_002994	-	3095503	3095682
L2Z93_002995	-	3095711	3095875
L2Z93_003001	-	3103041	3104135
L2Z93_003002	-	3104132	3105523
L2Z93_003004	+	3106099	3106578
L2Z93_003005	-	3106584	3106832
L2Z93_003011	-	3112216	3113118
L2Z93_003015	+	3116206	3116391
L2Z93_003019	+	3119433	3120110
L2Z93_003022	+	3122426	3122704
L2Z93_003032	+	3129458	3129718
L2Z93_003034	+	3131664	3132209
L2Z93_003035	+	3132310	3136800
L2Z93_003036	-	3136867	3136995
L2Z93_003039	+	3138815	3143353
L2Z93_003045	-	3148297	3150009
L2Z93_003049	+	3153261	3154085
L2Z93_003052	+	3155583	3156857
L2Z93_003061	+	3162577	3164331
L2Z93_003063	+	3165397	3166188
L2Z93_003069	-	3171324	3172400
L2Z93_003072	+	3174343	3175179
L2Z93_003078	+	3181928	3182776
L2Z93_003079	+	3182773	3183054
L2Z93_003080	-	3183051	3184631
L2Z93_003088	-	3192437	3193984
L2Z93_003089	-	3193977	3194852
L2Z93_003091	+	3197035	3197967
L2Z93_003095	+	3200560	3201447
L2Z93_003096	+	3201453	3202457
L2Z93_003107	+	3214777	3215067
L2Z93_003113	+	3220972	3221208
L2Z93_003132	-	3237193	3237426
L2Z93_003136	-	3240250	3240492
L2Z93_003137	-	3240506	3240697
L2Z93_003145	-	3247020	3248006
L2Z93_003149	-	3251657	3252436
L2Z93_003167	-	3269082	3270338
L2Z93_003169	-	3271143	3272555
L2Z93_003171	-	3274058	3275581
L2Z93_003172	-	3275658	3276947
L2Z93_003173	-	3277044	3277340
L2Z93_003174	-	3277347	3277700
L2Z93_003175	-	3277764	3278867
L2Z93_003178	+	3283405	3284685
L2Z93_003187	-	3291579	3292184
L2Z93_003190	-	3293151	3293264
L2Z93_003191	-	3293338	3293559
L2Z93_003195	-	3296169	3296426
L2Z93_003198	+	3297791	3298396
L2Z93_003200	+	3300007	3301176
L2Z93_003201	+	3301181	3302083
L2Z93_003202	-	3302107	3302595
L2Z93_003203	-	3302599	3303399
L2Z93_003213	-	3312644	3313087
L2Z93_003214	-	3313087	3313266
L2Z93_003217	-	3314397	3314936
L2Z93_003219	-	3315459	3315644
L2Z93_003227	-	3320049	3320306
L2Z93_003229	-	3320611	3320778
L2Z93_003230	-	3320778	3321014
L2Z93_003238	-	3331916	3332212
L2Z93_003239	-	3332212	3332445
L2Z93_003243	-	3334170	3334451
L2Z93_003249	-	3337712	3338137
L2Z93_003251	+	3338884	3339183
L2Z93_003255	-	3343870	3345045
L2Z93_003269	-	3357248	3357964
L2Z93_003270	-	3357969	3358862
L2Z93_003272	+	3360576	3360911
L2Z93_003274	+	3362678	3363235
L2Z93_003280	-	3374953	3375339
L2Z93_003286	+	3380911	3381762
L2Z93_003293	-	3385926	3385998
L2Z93_003294	-	3386137	3386643
L2Z93_003295	-	3386646	3387074
L2Z93_003297	-	3387613	3387780
L2Z93_003298	-	3387820	3387893
L2Z93_003299	-	3387936	3388008
L2Z93_003301	-	3389308	3389772
L2Z93_003305	+	3393177	3393470
L2Z93_003307	-	3393847	3393932
L2Z93_003321	+	3407477	3408916
L2Z93_003328	-	3415485	3416132
L2Z93_003339	-	3422938	3423222
L2Z93_003340	-	3423242	3424489
L2Z93_003342	+	3425990	3426277
L2Z93_003346	+	3428828	3431038
L2Z93_003347	-	3431035	3431637
L2Z93_003350	+	3433079	3433333
L2Z93_003355	+	3436194	3436331
L2Z93_003357	-	3438062	3439042
L2Z93_003368	-	3447553	3447765
L2Z93_003369	-	3447816	3448079
L2Z93_003371	-	3448679	3449140
L2Z93_003374	-	3451799	3452740
L2Z93_003376	-	3454283	3454549
L2Z93_003378	+	3455584	3456081
L2Z93_003381	-	3458346	3458447
L2Z93_003382	-	3458573	3458824
L2Z93_003386	-	3461785	3462801
L2Z93_003388	-	3463687	3464370
L2Z93_003391	-	3466506	3467006
L2Z93_003398	+	3473019	3473840
L2Z93_003399	+	3473837	3474862
L2Z93_003401	-	3475316	3475576
L2Z93_003402	-	3475688	3476371
L2Z93_003414	-	3488087	3489067
L2Z93_003415	-	3489060	3489338
L2Z93_003419	-	3494850	3495287
L2Z93_003420	+	3495366	3495959
L2Z93_003426	+	3500596	3501936
L2Z93_003428	+	3503608	3504111
L2Z93_003429	+	3504293	3504553
L2Z93_003430	-	3504566	3504889
L2Z93_003434	-	3506277	3506519
L2Z93_003448	-	3523514	3525106
L2Z93_003456	+	3536405	3536878
L2Z93_003459	+	3539110	3539400
L2Z93_003465	-	3543658	3544155
L2Z93_003475	-	3553091	3554569
L2Z93_003477	-	3556234	3556986
L2Z93_003480	-	3558682	3558879
L2Z93_003492	-	3573163	3573576
L2Z93_003494	-	3574043	3575296
L2Z93_003509	+	3589424	3589771
L2Z93_003510	-	3589768	3590667
L2Z93_003513	-	3593782	3594426
L2Z93_003521	+	3602414	3603571
L2Z93_003524	+	3605510	3607099
L2Z93_003532	+	3615493	3616425
L2Z93_003534	-	3617374	3618852
L2Z93_003537	-	3621290	3622471
L2Z93_003548	-	3636335	3637654
L2Z93_003552	+	3641196	3641269
L2Z93_003558	-	3645279	3647273
L2Z93_003565	-	3653269	3655131
L2Z93_003571	+	3659995	3661149
L2Z93_003575	-	3665224	3666066
L2Z93_003576	-	3666073	3666360
L2Z93_003577	-	3666393	3666689
L2Z93_003578	-	3666771	3668360
L2Z93_003579	-	3668360	3668659
L2Z93_003587	+	3680844	3681092
L2Z93_003590	+	3685741	3688596
L2Z93_003592	-	3689412	3691007
L2Z93_003593	-	3691046	3691543
L2Z93_003597	-	3697685	3698473
L2Z93_003599	+	3699252	3699941
L2Z93_003602	+	3701513	3701803
L2Z93_003606	+	3705324	3705518
L2Z93_003609	+	3708440	3709306
L2Z93_003617	+	3717750	3718205
L2Z93_003618	+	3718293	3718466
L2Z93_003621	+	3724128	3725342
L2Z93_003624	+	3728511	3729320
L2Z93_003630	-	3737461	3738774
L2Z93_003632	+	3739894	3740640
L2Z93_003635	-	3744725	3745873
L2Z93_003638	-	3748333	3748701
L2Z93_003645	-	3758234	3759220
L2Z93_003646	-	3759415	3759711
L2Z93_003651	+	3763553	3763846
L2Z93_003655	-	3766933	3767772
L2Z93_003658	+	3769888	3770949
L2Z93_003659	-	3771026	3771703
L2Z93_003660	-	3771717	3772160
L2Z93_003662	+	3773033	3774565
L2Z93_003664	-	3776080	3776994
L2Z93_003668	-	3781152	3782999
L2Z93_003670	-	3783945	3784805
L2Z93_003673	+	3787098	3789200
L2Z93_003675	-	3790223	3791902
L2Z93_003678	+	3793776	3795857
L2Z93_003679	+	3795895	3796155
L2Z93_003685	-	3798770	3799225
L2Z93_003688	+	3801290	3803446
L2Z93_003690	-	3803871	3804158
L2Z93_003691	-	3804268	3804498
L2Z93_003696	+	3806339	3807154
L2Z93_003698	+	3808146	3809087
L2Z93_003699	-	3809159	3809518
L2Z93_003702	-	3811989	3815303
L2Z93_003704	-	3818758	3818970
L2Z93_003709	-	3823838	3824620
L2Z93_003710	-	3824617	3825426
L2Z93_003711	-	3825428	3826552
L2Z93_003712	-	3826622	3827533
L2Z93_003713	+	3828144	3828902
L2Z93_003724	-	3845073	3846371
L2Z93_003726	+	3847637	3848314
L2Z93_003732	+	3855172	3856665
L2Z93_003737	+	3861900	3862319
L2Z93_003739	+	3863336	3865753
L2Z93_003762	+	3888238	3889095
L2Z93_003766	+	3891366	3893015
L2Z93_003770	-	3896748	3897836
L2Z93_003772	-	3898260	3898511
L2Z93_003774	-	3899976	3900113
L2Z93_003775	-	3900423	3900623
L2Z93_003777	-	3901561	3901824
L2Z93_003789	+	3914413	3914559
L2Z93_003803	-	3938914	3939849
L2Z93_003807	-	3943746	3944018
L2Z93_003810	-	3947395	3949185
L2Z93_003812	-	3950174	3950428
L2Z93_003814	-	3951065	3951355
L2Z93_003819	+	3956967	3957815
L2Z93_003824	+	3961743	3962411
L2Z93_003827	+	3966509	3966859
L2Z93_003830	+	3968891	3969664
L2Z93_003831	-	3969621	3970175
L2Z93_003833	+	3971900	3972661
L2Z93_003841	-	3982514	3983545
L2Z93_003846	-	3987590	3987874
L2Z93_003848	-	3988248	3988391
